<?xml version="1.0"?>
<doc>
    <assembly>
        <name>OpenIZ.Core.Applets</name>
    </assembly>
    <members>
        <member name="T:OpenIZ.Core.Applets.AppletCollection">
            <summary>
            Represents a collection of applets
            </summary>
        </member>
        <member name="M:OpenIZ.Core.Applets.AppletCollection.#ctor">
            <summary>
            Constructs a new instance of the applet collection
            </summary>
        </member>
        <member name="M:OpenIZ.Core.Applets.AppletCollection.#ctor(System.String)">
            <summary>
            Applet collection rewrite to alternate url
            </summary>
        </member>
        <member name="P:OpenIZ.Core.Applets.AppletCollection.DefaultApplet">
            <summary>
            The current default scope applet
            </summary>
        </member>
        <member name="P:OpenIZ.Core.Applets.AppletCollection.Item(System.Int32)">
            <summary>
            Gets or sets the item at the specified element
            </summary>
        </member>
        <member name="P:OpenIZ.Core.Applets.AppletCollection.Count">
            <summary>
            Return the count of applets in the collection
            </summary>
        </member>
        <member name="P:OpenIZ.Core.Applets.AppletCollection.IsReadOnly">
            <summary>
            Return true if the collection is readonly
            </summary>
        </member>
        <member name="M:OpenIZ.Core.Applets.AppletCollection.Add(OpenIZ.Core.Applets.Model.AppletManifest)">
            <summary>
            Add an applet manifest to the collection
            </summary>
            <param name="item"></param>
        </member>
        <member name="M:OpenIZ.Core.Applets.AppletCollection.Clear">
            <summary>
            Clear the collection of applets
            </summary>
        </member>
        <member name="M:OpenIZ.Core.Applets.AppletCollection.Contains(OpenIZ.Core.Applets.Model.AppletManifest)">
            <summary>
            Returns true if the collection contains the specified item
            </summary>
        </member>
        <member name="M:OpenIZ.Core.Applets.AppletCollection.CopyTo(OpenIZ.Core.Applets.Model.AppletManifest[],System.Int32)">
            <summary>
            Copies the specified collection to the array
            </summary>
        </member>
        <member name="M:OpenIZ.Core.Applets.AppletCollection.GetEnumerator">
            <summary>
            Get the enumerator
            </summary>
        </member>
        <member name="M:OpenIZ.Core.Applets.AppletCollection.IndexOf(OpenIZ.Core.Applets.Model.AppletManifest)">
            <summary>
            Get the index of the specified item
            </summary>
        </member>
        <member name="M:OpenIZ.Core.Applets.AppletCollection.Insert(System.Int32,OpenIZ.Core.Applets.Model.AppletManifest)">
            <summary>
            Inserts the specified item at the specified index
            </summary>
        </member>
        <member name="M:OpenIZ.Core.Applets.AppletCollection.Remove(OpenIZ.Core.Applets.Model.AppletManifest)">
            <summary>
            Remove the specified item from the collection
            </summary>
        </member>
        <member name="M:OpenIZ.Core.Applets.AppletCollection.RemoveAt(System.Int32)">
            <summary>
            Removes the specified item
            </summary>
        </member>
        <member name="M:OpenIZ.Core.Applets.AppletCollection.System#Collections#IEnumerable#GetEnumerator">
            <summary>
            Gets the specified enumerator
            </summary>
        </member>
        <member name="M:OpenIZ.Core.Applets.AppletCollection.RegisterBundle(OpenIZ.Core.Applets.RenderBundle)">
            <summary>
            Register bundle
            </summary>
            <param name="bundle"></param>
        </member>
        <member name="M:OpenIZ.Core.Applets.AppletCollection.GetStrings(System.String)">
            <summary>
            Get the list of strings from all the loaded applets
            </summary>
        </member>
        <member name="M:OpenIZ.Core.Applets.AppletCollection.GetTemplateDefinition(System.String)">
            <summary>
            Gets the template definition
            </summary>
        </member>
        <member name="M:OpenIZ.Core.Applets.AppletCollection.ResolveAsset(System.String,OpenIZ.Core.Applets.Model.AppletAsset,System.String)">
            <summary>
            Resolve the asset 
            </summary>
        </member>
        <member name="M:OpenIZ.Core.Applets.AppletCollection.RenderAssetContent(OpenIZ.Core.Applets.Model.AppletAsset,System.String)">
            <summary>
            Render asset content
            </summary>
        </member>
        <member name="M:OpenIZ.Core.Applets.AppletCollection.RewriteUrl(System.Uri)">
            <summary>
            Rewrte the url
            </summary>
        </member>
        <member name="M:OpenIZ.Core.Applets.AppletCollection.GetInjectionHeaders(OpenIZ.Core.Applets.Model.AppletAsset)">
            <summary>
            Injection for HTML headers
            </summary>
        </member>
        <member name="T:OpenIZ.Core.Applets.BindingExpressionVisitor">
            <summary>
            Binding expression visitor
            </summary>
        </member>
        <member name="M:OpenIZ.Core.Applets.BindingExpressionVisitor.RewriteLambda(System.Linq.Expressions.LambdaExpression)">
            <summary>
            
            </summary>
        </member>
        <member name="M:OpenIZ.Core.Applets.BindingExpressionVisitor.Visit(System.Linq.Expressions.Expression)">
            <summary>
            Visit specific types of expressions
            </summary>
            <param name="node"></param>
        </member>
        <member name="T:OpenIZ.Core.Applets.Model.AppletPanel">
            <summary>
            Represents a panel. A panel is a special pointer which has a title and content which can be rendered.
            </summary>
        </member>
        <member name="P:OpenIZ.Core.Applets.Model.AppletPanel.Titles">
            <summary>
            Gets the main titles of the panel
            </summary>
        </member>
        <member name="P:OpenIZ.Core.Applets.Model.AppletPanel.PanelAsset">
            <summary>
            Gets or sets the content to show in the panel
            </summary>
        </member>
        <member name="P:OpenIZ.Core.Applets.Model.AppletPanel.Icon">
            <summary>
            Gets or sets the icon file reference
            </summary>
        </member>
        <member name="P:OpenIZ.Core.Applets.Model.AppletPanel.Descriptions">
            <summary>
            Gets or sets the description
            </summary>
        </member>
        <member name="M:OpenIZ.Core.Applets.Model.AppletPanel.GetTitle(System.String,System.Boolean)">
            <summary>
            Gets the specified name
            </summary>
        </member>
        <member name="M:OpenIZ.Core.Applets.Model.AppletPanel.GetDescription(System.String,System.Boolean)">
            <summary>
            Gets the specified decription
            </summary>
        </member>
        <member name="T:OpenIZ.Core.Applets.Model.AppletStrings">
            <summary>
            Applet strings
            </summary>
        </member>
        <member name="P:OpenIZ.Core.Applets.Model.AppletStrings.Language">
            <summary>
            Language of the strings
            </summary>
        </member>
        <member name="P:OpenIZ.Core.Applets.Model.AppletStrings.String">
            <summary>
            Gets or sets the string
            </summary>
        </member>
        <member name="T:OpenIZ.Core.Applets.Model.AppletStringData">
            <summary>
            Applet string data
            </summary>
        </member>
        <member name="P:OpenIZ.Core.Applets.Model.AppletStringData.Key">
            <summary>
            Gets or sets the key
            </summary>
        </member>
        <member name="P:OpenIZ.Core.Applets.Model.AppletStringData.Value">
            <summary>
            Gets or sets the value of the property
            </summary>
        </member>
        <member name="T:OpenIZ.Core.Applets.Model.AppletTemplateDefinition">
            <summary>
            Applet template definition
            </summary>
        </member>
        <member name="P:OpenIZ.Core.Applets.Model.AppletTemplateDefinition.Mnemonic">
            <summary>
            Gets or sets the mnemonic
            </summary>
        </member>
        <member name="P:OpenIZ.Core.Applets.Model.AppletTemplateDefinition.Form">
            <summary>
            Gets or sets the form
            </summary>
        </member>
        <member name="P:OpenIZ.Core.Applets.Model.AppletTemplateDefinition.Definition">
            <summary>
            Gets or sets the definition
            </summary>
        </member>
        <member name="P:OpenIZ.Core.Applets.Model.AppletTemplateDefinition.DefinitionContent">
            <summary>
            The content loaded
            </summary>
        </member>
        <member name="T:OpenIZ.Core.Applets.Model.AssetData">
            <summary>
            A class representing data operations
            </summary>
        </member>
        <member name="M:OpenIZ.Core.Applets.Model.AssetData.#ctor">
            <summary>
            Default ctor
            </summary>
        </member>
        <member name="P:OpenIZ.Core.Applets.Model.AssetData.Action">
            <summary>
            Actions to be performed
            </summary>
        </member>
        <member name="T:OpenIZ.Core.Applets.Model.AssetDataActionBase">
            <summary>
            Asset data action base
            </summary>
        </member>
        <member name="P:OpenIZ.Core.Applets.Model.AssetDataActionBase.ActionName">
            <summary>
            Gets the action name
            </summary>
        </member>
        <member name="P:OpenIZ.Core.Applets.Model.AssetDataActionBase.Element">
            <summary>
            Gets the elements to be performed
            </summary>
        </member>
        <member name="T:OpenIZ.Core.Applets.Model.AssetDataUpdate">
            <summary>
            Asset data update
            </summary>
        </member>
        <member name="P:OpenIZ.Core.Applets.Model.AssetDataUpdate.ActionName">
            <summary>
            Gets the action name
            </summary>
        </member>
        <member name="P:OpenIZ.Core.Applets.Model.AssetDataUpdate.InsertIfNotExists">
            <summary>
            Insert if not exists
            </summary>
        </member>
        <member name="T:OpenIZ.Core.Applets.Model.AssetDataObsolete">
            <summary>
            Obsoletes the specified data elements
            </summary>
        </member>
        <!-- Badly formed XML comment ignored for member "P:OpenIZ.Core.Applets.Model.AssetDataObsolete.ActionName" -->
        <member name="T:OpenIZ.Core.Applets.Model.AssetDataInsert">
            <summary>
            Data insert
            </summary>
        </member>
        <!-- Badly formed XML comment ignored for member "P:OpenIZ.Core.Applets.Model.AssetDataInsert.ActionName" -->
        <member name="T:OpenIZ.Core.Applets.Model.AppletAsset">
            <summary>
            Represents an applet asset
            </summary>
        </member>
        <member name="M:OpenIZ.Core.Applets.Model.AppletAsset.#ctor">
            <summary>
            Initializes a new instance of the <see cref="T:OpenIZ.Core.Applets.Model.AppletAsset"/> class.
            </summary>
        </member>
        <member name="P:OpenIZ.Core.Applets.Model.AppletAsset.Manifest">
            <summary>
            Gets the or sets the manifest to which the asset belongs
            </summary>
        </member>
        <member name="P:OpenIZ.Core.Applets.Model.AppletAsset.Name">
            <summary>
            Gets or sets the name of the asset
            </summary>
        </member>
        <member name="P:OpenIZ.Core.Applets.Model.AppletAsset.Language">
            <summary>
            Language
            </summary>
        </member>
        <member name="P:OpenIZ.Core.Applets.Model.AppletAsset.MimeType">
            <summary>
            Mime type
            </summary>
        </member>
        <member name="P:OpenIZ.Core.Applets.Model.AppletAsset.Policies">
            <summary>
            Gets or sets the applets required policies for a user to run
            </summary>
        </member>
        <member name="P:OpenIZ.Core.Applets.Model.AppletAsset.Content">
            <summary>
            Gets or sets the content of the asset
            </summary>
            <remarks>
            Assets of type contentXml 
            </remarks>
        </member>
        <member name="M:OpenIZ.Core.Applets.Model.AppletAsset.ToString">
            <summary>
            Represent the asset as a string
            </summary>
            <returns></returns>
        </member>
        <member name="T:OpenIZ.Core.Applets.Model.AppletAssetHtml">
            <summary>
            Applet asset XML 
            </summary>
        </member>
        <member name="M:OpenIZ.Core.Applets.Model.AppletAssetHtml.#ctor">
            <summary>
            Applet asset html
            </summary>
        </member>
        <member name="P:OpenIZ.Core.Applets.Model.AppletAssetHtml.Titles">
            <summary>
            Gets or sets the title of the applet asset
            </summary>
        </member>
        <member name="M:OpenIZ.Core.Applets.Model.AppletAssetHtml.GetTitle(System.String,System.Boolean)">
            <summary>
            Gets the specified name
            </summary>
        </member>
        <member name="P:OpenIZ.Core.Applets.Model.AppletAssetHtml.Layout">
            <summary>
            Gets or sets the master asset for this asset
            </summary>
        </member>
        <member name="P:OpenIZ.Core.Applets.Model.AppletAssetHtml.Bundle">
            <summary>
            Gets or sets the references for the assets
            </summary>
        </member>
        <member name="P:OpenIZ.Core.Applets.Model.AppletAssetHtml.Script">
            <summary>
            Gets or sets the script
            </summary>
        </member>
        <member name="P:OpenIZ.Core.Applets.Model.AppletAssetHtml.Style">
            <summary>
            Gets or sets the script
            </summary>
        </member>
        <member name="P:OpenIZ.Core.Applets.Model.AppletAssetHtml.Html">
            <summary>
            Content of the element
            </summary>
        </member>
        <member name="T:OpenIZ.Core.Applets.Model.AppletInitialConfiguration">
            <summary>
            Represents a configuration of an applet
            </summary>
        </member>
        <member name="P:OpenIZ.Core.Applets.Model.AppletInitialConfiguration.AppletId">
            <summary>
            Gets or sets the applet id
            </summary>
        </member>
        <member name="P:OpenIZ.Core.Applets.Model.AppletInitialConfiguration.AppSettings">
            <summary>
            Applet configuration entry
            </summary>
        </member>
        <member name="T:OpenIZ.Core.Applets.Model.AppletConfigurationEntry">
            <summary>
            Applet configuration entry
            </summary>
        </member>
        <member name="P:OpenIZ.Core.Applets.Model.AppletConfigurationEntry.Name">
            <summary>
            The name of the property
            </summary>
            <value>The name.</value>
        </member>
        <member name="P:OpenIZ.Core.Applets.Model.AppletConfigurationEntry.Value">
            <summary>
            Gets or sets the value.
            </summary>
            <value>The value.</value>
        </member>
        <member name="T:OpenIZ.Core.Applets.Model.AppletInfo">
            <summary>
            Represents applet information
            </summary>
        </member>
        <member name="M:OpenIZ.Core.Applets.Model.AppletInfo.GetName(System.String,System.Boolean)">
            <summary>
            Gets the specified name
            </summary>
        </member>
        <member name="M:OpenIZ.Core.Applets.Model.AppletInfo.GetGroupName(System.String,System.Boolean)">
            <summary>
            Gets the specified name
            </summary>
        </member>
        <member name="P:OpenIZ.Core.Applets.Model.AppletInfo.Icon">
            <summary>
            Gets or sets the icon resource
            </summary>
            <value>The icon.</value>
        </member>
        <member name="P:OpenIZ.Core.Applets.Model.AppletInfo.Names">
            <summary>
            Gets or sets the name of the applet info
            </summary>
            <value>The name.</value>
        </member>
        <member name="P:OpenIZ.Core.Applets.Model.AppletInfo.GroupNames">
            <summary>
            Gets or sets the name of the applet info
            </summary>
            <value>The name.</value>
        </member>
        <member name="P:OpenIZ.Core.Applets.Model.AppletInfo.Author">
            <summary>
            Gets or sets the author of the applet
            </summary>
        </member>
        <member name="P:OpenIZ.Core.Applets.Model.AppletInfo.Dependencies">
            <summary>
            Gets or sets the applet's dependencies
            </summary>
        </member>
        <member name="M:OpenIZ.Core.Applets.Model.AppletInfo.AsReference">
            <summary>
            Return this applet reference
            </summary>
        </member>
        <member name="T:OpenIZ.Core.Applets.Model.AppletManifest">
            <summary>
            The applet manifest is responsible for storing data related to a JavaScript applet
            </summary>
        </member>
        <member name="M:OpenIZ.Core.Applets.Model.AppletManifest.Load(System.IO.Stream)">
            <summary>
            Load the specified manifest name
            </summary>
        </member>
        <member name="M:OpenIZ.Core.Applets.Model.AppletManifest.Initialize">
            <summary>
            Initialize the applet manifest
            </summary>
        </member>
        <member name="M:OpenIZ.Core.Applets.Model.AppletManifest.CreatePackage">
            <summary>
            Create an unsigned package
            </summary>
            <returns>The package.</returns>
        </member>
        <member name="P:OpenIZ.Core.Applets.Model.AppletManifest.DataSetup">
            <summary>
            Gets or sets the data operations to be performed
            </summary>
        </member>
        <member name="P:OpenIZ.Core.Applets.Model.AppletManifest.Info">
            <summary>
            Applet information itself
            </summary>
        </member>
        <member name="P:OpenIZ.Core.Applets.Model.AppletManifest.StartAsset">
            <summary>
            Instructs the host which asset can be used as a starting point
            </summary>
        </member>
        <member name="P:OpenIZ.Core.Applets.Model.AppletManifest.Configuration">
            <summary>
            Initial applet configuration
            </summary>
            <value>The configuration.</value>
        </member>
        <member name="P:OpenIZ.Core.Applets.Model.AppletManifest.Menus">
            <summary>
            Gets or sets the tile sizes the applet can have
            </summary>
        </member>
        <member name="P:OpenIZ.Core.Applets.Model.AppletManifest.Panels">
            <summary>
            Gets or sets the applet panels
            </summary>
        </member>
        <member name="P:OpenIZ.Core.Applets.Model.AppletManifest.Templates">
            <summary>
            Gets or ets the templates for use in the applet
            </summary>
        </member>
        <member name="P:OpenIZ.Core.Applets.Model.AppletManifest.Assets">
            <summary>
            Gets or sets the assets which are to be used in the applet
            </summary>
        </member>
        <member name="P:OpenIZ.Core.Applets.Model.AppletManifest.Strings">
            <summary>
            Gets or sets the applet strings
            </summary>
        </member>
        <member name="T:OpenIZ.Core.Applets.Model.AppletPackage">
            <summary>
            Applet package used for installations only
            </summary>
        </member>
        <member name="M:OpenIZ.Core.Applets.Model.AppletPackage.Load(System.IO.Stream)">
            <summary>
            Load the specified manifest name
            </summary>
        </member>
        <member name="P:OpenIZ.Core.Applets.Model.AppletPackage.Meta">
            <summary>
            Applet reference metadata
            </summary>
        </member>
        <member name="P:OpenIZ.Core.Applets.Model.AppletPackage.Manifest">
            <summary>
            Gets or ses the manifest to be installed
            </summary>
            <value>The manifest.</value>
        </member>
        <member name="M:OpenIZ.Core.Applets.Model.AppletPackage.Unpack">
            <summary>
            Unpack the package
            </summary>
        </member>
        <member name="T:OpenIZ.Core.Applets.Model.AppletName">
            <summary>
            Applet reference
            </summary>
        </member>
        <member name="M:OpenIZ.Core.Applets.Model.AppletName.#ctor">
            <summary>
            Initializes a new instance of the <see cref="T:OpenIZ.Core.Applets.Model.AppletName"/> class.
            </summary>
        </member>
        <member name="M:OpenIZ.Core.Applets.Model.AppletName.#ctor(System.String,System.String,System.String)">
            <summary>
            Initializes a new instance of the <see cref="T:OpenIZ.Core.Applets.Model.AppletName"/> class.
            </summary>
        </member>
        <member name="P:OpenIZ.Core.Applets.Model.AppletName.Id">
            <summary>
            The identifier of the applet
            </summary>
        </member>
        <member name="P:OpenIZ.Core.Applets.Model.AppletName.Version">
            <summary>
            The version of the applet
            </summary>
        </member>
        <member name="P:OpenIZ.Core.Applets.Model.AppletName.PublicKeyToken">
            <summary>
            The signature of the applet (not used for verification, rather lookup)
            </summary>
            <value>The signature.</value>
        </member>
        <member name="P:OpenIZ.Core.Applets.Model.AppletName.Signature">
            <summary>
            Gets or sets the signature which can be used to validate the file
            </summary>
        </member>
        <member name="P:OpenIZ.Core.Applets.Model.AppletName.Hash">
            <summary>
            A hash which validates the file has not changed on the disk. Different from signature which 
            indicates the manifest has not changed since installed.
            </summary>
            <value><c>true</c> if this instance hash; otherwise, <c>false</c>.</value>
        </member>
        <member name="M:OpenIZ.Core.Applets.Model.AppletName.ToString">
            <summary>
            Returns a string that represents the current object.
            </summary>
            <returns>A string that represents the current object.</returns>
            <filterpriority>2</filterpriority>
        </member>
        <member name="T:OpenIZ.Core.Applets.Model.AppletMenu">
            <summary>
            Applet tile
            </summary>
        </member>
        <member name="M:OpenIZ.Core.Applets.Model.AppletMenu.Initialize(OpenIZ.Core.Applets.Model.AppletManifest)">
            <summary>
            Initialize
            </summary>
            <param name="host"></param>
        </member>
        <member name="P:OpenIZ.Core.Applets.Model.AppletMenu.Order">
            <summary>
            Gets or sets the order
            </summary>
        </member>
        <member name="P:OpenIZ.Core.Applets.Model.AppletMenu.Icon">
            <summary>
            Gets or sets the icon file reference
            </summary>
        </member>
        <member name="P:OpenIZ.Core.Applets.Model.AppletMenu.Launcher">
            <summary>
            Gets or sets the applet asset that this item should launch
            </summary>
        </member>
        <member name="P:OpenIZ.Core.Applets.Model.AppletMenu.Manifest">
            <summary>
            Applet manifest
            </summary>
        </member>
        <member name="M:OpenIZ.Core.Applets.Model.AppletMenu.GetText(System.String,System.Boolean)">
            <summary>
            Gets the specified name
            </summary>
        </member>
        <member name="P:OpenIZ.Core.Applets.Model.AppletMenu.Text">
            <summary>
            Gets or sets the name of the applet info
            </summary>
            <value>The name.</value>
        </member>
        <member name="P:OpenIZ.Core.Applets.Model.AppletMenu.Menus">
            <summary>
            One or more menu items
            </summary>
        </member>
        <member name="T:OpenIZ.Core.Applets.Model.LocaleString">
            <summary>
            Applet localized string
            </summary>
        </member>
        <member name="P:OpenIZ.Core.Applets.Model.LocaleString.Language">
            <summary>
            Gets or sets the language representation
            </summary>
            <value>The language.</value>
        </member>
        <member name="P:OpenIZ.Core.Applets.Model.LocaleString.Value">
            <summary>
            Value of the applet string
            </summary>
            <value>The value.</value>
        </member>
        <member name="T:OpenIZ.Core.Applets.RenderBundle">
            <summary>
            Represents an asset bundle
            </summary>
        </member>
        <member name="M:OpenIZ.Core.Applets.RenderBundle.#ctor(System.String)">
            <summary>
            Asset bundle
            </summary>
        </member>
        <member name="M:OpenIZ.Core.Applets.RenderBundle.#ctor(System.String,OpenIZ.Core.Applets.BundleContent[])">
            <summary>
            Creates asset bundle with specified name and content
            </summary>
        </member>
        <member name="P:OpenIZ.Core.Applets.RenderBundle.Name">
            <summary>
            Gets or sets the name of the asset bundle
            </summary>
        </member>
        <member name="P:OpenIZ.Core.Applets.RenderBundle.Content">
            <summary>
            Gets or sets the content of the asset bundle
            </summary>
        </member>
        <member name="T:OpenIZ.Core.Applets.BundleContent">
            <summary>
            Represents bundle contnet
            </summary>
        </member>
        <member name="P:OpenIZ.Core.Applets.BundleContent.HeaderElement">
            <summary>
            Gets the header element
            </summary>
        </member>
        <member name="T:OpenIZ.Core.Applets.MobileMetaBundleContent">
            <summary>
            Represents the necessary bundle content to fix mobile rendering
            </summary>
        </member>
        <member name="P:OpenIZ.Core.Applets.MobileMetaBundleContent.HeaderElement">
            <summary>
            Render the specified elements
            </summary>
        </member>
        <member name="T:OpenIZ.Core.Applets.ScriptBundleContent">
            <summary>
            Represents a script bundle content
            </summary>
        </member>
        <member name="M:OpenIZ.Core.Applets.ScriptBundleContent.#ctor(System.String)">
            <summary>
            Creates a new script bundle content
            </summary>
        </member>
        <member name="P:OpenIZ.Core.Applets.ScriptBundleContent.HeaderElement">
            <summary>
            Header element
            </summary>
        </member>
        <member name="T:OpenIZ.Core.Applets.StyleBundleContent">
            <summary>
            Style bundle content
            </summary>
        </member>
        <member name="M:OpenIZ.Core.Applets.StyleBundleContent.#ctor(System.String)">
            <summary>
            Creates a new style bundle content
            </summary>
        </member>
        <member name="P:OpenIZ.Core.Applets.StyleBundleContent.HeaderElement">
            <summary>
            Header element
            </summary>
        </member>
        <member name="T:OpenIZ.Core.Applets.ViewModel.JsonViewModelSerializer">
            <summary>
            View model class for Applets turns the core business model objects into
            a more sane, flat model to be given to applets as JSON
            </summary>
            <remarks>
            This file needs a bath because it stinks... AKA: Clean it up
            </remarks>
        </member>
        <member name="M:OpenIZ.Core.Applets.ViewModel.JsonViewModelSerializer.Serialize(OpenIZ.Core.Model.IdentifiedData)">
            <summary>
            Serializes the specified internal data 
            </summary>
            <remarks>
            Rules: 
                - Keys are serialized as JSON object property
                - Delay load are also expanded to keynameModel which is the model
                - Collections are expanded to classifier class model[classifier] = value
            </remarks>
        </member>
        <member name="M:OpenIZ.Core.Applets.ViewModel.JsonViewModelSerializer.DeSerialize``1(System.String)">
            <summary>
            Parses the specified json string into <typeparamref name="TModel"/>
            </summary>
        </member>
        <member name="M:OpenIZ.Core.Applets.ViewModel.JsonViewModelSerializer.DeSerializeInternal(Newtonsoft.Json.JsonReader,System.Type)">
            <summary>
            Perform the work of de-serializing
            </summary>
        </member>
        <member name="M:OpenIZ.Core.Applets.ViewModel.JsonViewModelSerializer.PreparePropertyCache(System.Type)">
            <summary>
            Prepares the property caches
            </summary>
            <param name="serialziationType"></param>
        </member>
        <member name="M:OpenIZ.Core.Applets.ViewModel.JsonViewModelSerializer.SerializeInternal(OpenIZ.Core.Model.IdentifiedData,Newtonsoft.Json.JsonWriter,System.Collections.Generic.HashSet{System.Guid})">
            <summary>
            Serialize the specified object
            </summary>
        </member>
        <member name="M:OpenIZ.Core.Applets.ViewModel.JsonViewModelSerializer.GetClassifierObj(System.Object,OpenIZ.Core.Model.Attributes.ClassifierAttribute)">
            <summary>
            Get classifier object
            </summary>
        </member>
    </members>
</doc>
