﻿<?xml version="1.0" encoding="UTF-8" ?>
<!--
 - Copyright 2015-2016 Mohawk College of Applied Arts and Technology
 -
 - 
 - Licensed under the Apache License, Version 2.0 (the "License"); you 
 - may not use this file except in compliance with the License. You may 
 - obtain a copy of the License at 
 - 
 - http://www.apache.org/licenses/LICENSE-2.0 
 - 
 - Unless required by applicable law or agreed to in writing, software
 - distributed under the License is distributed on an "AS IS" BASIS, WITHOUT
 - WARRANTIES OR CONDITIONS OF ANY KIND, either express or implied. See the 
 - License for the specific language governing permissions and limitations under 
 - the License.
 - 
 - User: justi
 - Date: 2016-6-14
 -->

<modelMap xmlns="http://openiz.org/model/map">
  <!-- Security Users -->
	<class modelClass="OpenIZ.Core.Model.Security.SecurityUser, OpenIZ.Core.Model, Version=1.0.0.0"
		domainClass="OpenIZ.Mobile.Core.Data.Model.Security.DbSecurityUser, OpenIZ.Mobile.Core, Version=0.5.0.0">
		<property modelName="Key" domainName="Uuid"/>
    <property modelName="ObsoletionTime" domainName="ObsoletionTime"/>
		<property modelName="CreatedByKey" domainName="CreatedByUuid"/>
		<property modelName="UpdatedByKey" domainName="UpdatedByUuid"/>
		<property modelName="ObsoletedByKey" domainName="ObsoletedByUuid"/>
	</class>

  <!-- Security Application -->
  <class modelClass="OpenIZ.Core.Model.Security.SecurityApplication, OpenIZ.Core.Model, Version=1.0.0.0"
		domainClass="OpenIZ.Mobile.Core.Data.Model.Security.DbSecurityApplication, OpenIZ.Mobile.Core, Version=0.5.0.0">
    <property modelName="Key" domainName="Uuid"/>
    <property modelName="CreatedByKey" domainName="CreatedByUuid"/>
    <property modelName="UpdatedByKey" domainName="UpdatedByUuid"/>
    <property modelName="ObsoletedByKey" domainName="ObsoletedByUuid"/>
    <property modelName="Name" domainName="PublicId"/>
  </class>

  <!-- Security Device -->
  <class modelClass="OpenIZ.Core.Model.Security.SecurityDevice, OpenIZ.Core.Model, Version=1.0.0.0"
		domainClass="OpenIZ.Mobile.Core.Data.Model.Security.DbSecurityDevice, OpenIZ.Mobile.Core, Version=0.5.0.0">
    <property modelName="Key" domainName="Uuid"/>
    <property modelName="CreatedByKey" domainName="CreatedByUuid"/>
    <property modelName="UpdatedByKey" domainName="UpdatedByUuid"/>
    <property modelName="ObsoletedByKey" domainName="ObsoletedByUuid"/>
    <property modelName="Name" domainName="PublicId"/>
  </class>
  
  <!-- Security Role -->
  <class modelClass="OpenIZ.Core.Model.Security.SecurityRole, OpenIZ.Core.Model, Version=1.0.0.0"
		domainClass="OpenIZ.Mobile.Core.Data.Model.Security.DbSecurityRole, OpenIZ.Mobile.Core, Version=0.5.0.0">
    <property modelName="Key" domainName="Uuid"/>
    <property modelName="Name" domainName="Name"/>

  </class>

  <!-- Security Role -->
  <class modelClass="OpenIZ.Core.Model.Security.SecurityPolicyInstance, OpenIZ.Core.Model, Version=1.0.0.0"
		domainClass="OpenIZ.Mobile.Core.Data.Model.Security.DbSecurityRolePolicy, OpenIZ.Mobile.Core, Version=0.5.0.0">
    <property modelName="Key" domainName="Uuid"/>
    <property modelName="SourceEntityKey" domainName="RoleId"/>
    <property modelName="PolicyKey" domainName="PolicyId"/>
  </class>
  
  <!-- Security Role -->
  <class modelClass="OpenIZ.Core.Model.Security.SecurityPolicy, OpenIZ.Core.Model, Version=1.0.0.0"
		domainClass="OpenIZ.Mobile.Core.Data.Model.Security.DbSecurityPolicy, OpenIZ.Mobile.Core, Version=0.5.0.0">
    <property modelName="Key" domainName="Uuid"/>
    <property modelName="Name" domainName="Name"/>
    <property modelName="CanOverride" domainName="CanOverride"/>
    <property modelName="Oid" domainName="Oid"/>
  </class>
  
  <!-- Concepts -->
	<class modelClass="OpenIZ.Core.Model.DataTypes.ConceptSet, OpenIZ.Core.Model, Version=1.0.0.0"
		domainClass="OpenIZ.Mobile.Core.Data.Model.Concepts.DbConceptSet, OpenIZ.Mobile.Core, Version=0.5.0.0">
		<property modelName="Key" domainName="Uuid"/>
	</class>
  <class modelClass="OpenIZ.Core.Model.DataTypes.Concept, OpenIZ.Core.Model, Version=1.0.0.0"
         domainClass="OpenIZ.Mobile.Core.Data.Model.Concepts.DbConcept, OpenIZ.Mobile.Core, Version=0.5.0.0">
  
    <property modelName="Key" domainName="Uuid"/>
    <property modelName="VersionKey" domainName="VersionUuid"/>
    <property modelName="PreviousVersionKey" domainName="PreviousVersionUuid"/>
    <property modelName="StatusConceptKey" domainName="StatusUuid"/>
    <property modelName="ClassKey" domainName="ClassUuid"/>
    <property modelName="CreatedByKey" domainName="CreatedByUuid"    />
    <property modelName="CreatedByKey" domainName="UpdatedByUuid"/>
    <property modelName="ObsoletedByKey" domainName="ObsoletedByUuid"/>
  </class>
  
  <class modelClass="OpenIZ.Core.Model.DataTypes.ConceptClass, OpenIZ.Core.Model, Version=1.0.0.0"
         domainClass="OpenIZ.Mobile.Core.Data.Model.Concepts.DbConceptClass, OpenIZ.Mobile.Core, Version=0.5.0.0">
    <property modelName="Key" domainName="Uuid"/>
  </class>

  <!-- Concept Names -->
  <class modelClass="OpenIZ.Core.Model.DataTypes.ConceptName, OpenIZ.Core.Model, Version=1.0.0.0"
         domainClass="OpenIZ.Mobile.Core.Data.Model.Concepts.DbConceptName, OpenIZ.Mobile.Core, Version=0.5.0.0">
    <property modelName="Key" domainName="Uuid"/>
    <property modelName="PhoneticAlgorithmKey" domainName="PhoneticAlgorithmUuid"/>
    <property modelName="SourceEntityKey" domainName="ConceptUuid"/>
  </class>

  <!-- Entity Maps -->
  <class modelClass="OpenIZ.Core.Model.Entities.Entity, OpenIZ.Core.Model, Version=1.0.0.0"
         domainClass="OpenIZ.Mobile.Core.Data.Model.Entities.DbEntity, OpenIZ.Mobile.Core, Version=0.5.0.0">
    <property modelName="Key" domainName="Uuid"/>
    <property modelName="VersionKey" domainName="VersionUuid"/>
    <property modelName="PreviousVersionKey" domainName="PreviousVersionUuid"/>
    <property modelName="StatusConceptKey" domainName="StatusConceptUuid"/>
    <property modelName="ClassConceptKey" domainName="ClassConceptUuid"/>
    <property modelName="DeterminerConceptKey" domainName="DeterminerConceptUuid"/>
    <property modelName="TypeConceptKey" domainName="TypeConceptUuid"/>
    <property modelName="CreatedByKey" domainName="CreatedByUuid"    />
    <property modelName="CreatedByKey" domainName="UpdatedByUuid"/>
    <property modelName="ObsoletedByKey" domainName="ObsoletedByUuid"/>
  </class>

  <class modelClass="OpenIZ.Core.Model.Entities.EntityName, OpenIZ.Core.Model, Version=1.0.0.0"
         domainClass="OpenIZ.Mobile.Core.Data.Model.Entities.DbEntityName, OpenIZ.Mobile.Core, Version=0.5.0.0">
    <property modelName="Key" domainName="Uuid"/>
    <property modelName="NameUseKey" domainName="UseConceptUuid"/>
    <property modelName="SourceEntityKey" domainName="EntityUuid"/>
  </class>

  <class modelClass="OpenIZ.Core.Model.Entities.EntityNameComponent, OpenIZ.Core.Model, Version=1.0.0.0"
         domainClass="OpenIZ.Mobile.Core.Data.Model.Entities.DbEntityNameComponent, OpenIZ.Mobile.Core, Version=0.5.0.0">
    <property modelName="Key" domainName="Uuid"/>
    <property modelName="SourceEntityKey" domainName="NameUuid"/>
    <property modelName="ComponentTypeKey" domainName="ComponentTypeUuid"/>
    <property modelName="PhoneticAlgorithmKey" domainName="PhoneticAlgorithmUuid"/>
  </class>

  <class modelClass="OpenIZ.Core.Model.Entities.EntityAddress, OpenIZ.Core.Model, Version=1.0.0.0"
       domainClass="OpenIZ.Mobile.Core.Data.Model.Entities.DbEntityAddress, OpenIZ.Mobile.Core, Version=0.5.0.0">
    <property modelName="Key" domainName="Uuid"/>
    <property modelName="AddressUseKey" domainName="UseConceptUuid"/>
    <property modelName="SourceEntityKey" domainName="EntityUuid"/>
  </class>

  <class modelClass="OpenIZ.Core.Model.Entities.EntityAddressComponent, OpenIZ.Core.Model, Version=1.0.0.0"
         domainClass="OpenIZ.Mobile.Core.Data.Model.Entities.DbEntityAddressComponent, OpenIZ.Mobile.Core, Version=0.5.0.0">
    <property modelName="Key" domainName="Uuid"/>
    <property modelName="SourceEntityKey" domainName="AddressUuid"/>
    <property modelName="ComponentTypeKey" domainName="ComponentTypeUuid"/>
  </class>

  <class modelClass="OpenIZ.Core.Model.Entities.EntityRelationship, OpenIZ.Core.Model, Version=1.0.0.0"
       domainClass="OpenIZ.Mobile.Core.Data.Model.Entities.DbEntityRelationship, OpenIZ.Mobile.Core, Version=0.5.0.0">
    <property modelName="Key" domainName="Uuid"/>
    <property modelName="SourceEntityKey" domainName="EntityUuid"/>
    <property modelName="TargetEntityKey" domainName="TargetUuid"/>
    <property modelName="RelationshipTypeKey" domainName="RelationshipTypeUuid"/>
  </class>
  
  <class modelClass="OpenIZ.Core.Model.DataTypes.EntityIdentifier, OpenIZ.Core.Model, Version=1.0.0.0"
         domainClass="OpenIZ.Mobile.Core.Data.Model.DataType.DbEntityIdentifier, OpenIZ.Mobile.Core, Version=0.5.0.0">
    <property modelName="Key" domainName="Uuid"/>
    <property modelName="IdentifierTypeKey" domainName="TypeUuid"/>
    <property modelName="AuthorityKey" domainName="AuthorityUuid"/>
    <property modelName="SourceEntityKey" domainName="EntityUuid"/>
  </class>

  <class modelClass="OpenIZ.Core.Model.DataTypes.IdentifierType, OpenIZ.Core.Model, Version=1.0.0.0"
         domainClass="OpenIZ.Mobile.Core.Data.Model.DataType.DbIdentifierType, OpenIZ.Mobile.Core, Version=0.5.0.0">
    <property modelName="Key" domainName="Uuid"/>
    <property modelName="TypeConceptKey" domainName="TypeConceptUuid"/>
  </class>

  <class modelClass="OpenIZ.Core.Model.DataTypes.AssigningAuthority, OpenIZ.Core.Model, Version=1.0.0.0"
       domainClass="OpenIZ.Mobile.Core.Data.Model.DataType.DbAssigningAuthority, OpenIZ.Mobile.Core, Version=0.5.0.0">
    <property modelName="Key" domainName="Uuid"/>
    <property modelName="AssigningDeviceKey" domainName="AssigningDeviceUuid"/>
  </class>


  <class modelClass="OpenIZ.Core.Model.Entities.EntityTelecomAddress, OpenIZ.Core.Model, Version=1.0.0.0"
     domainClass="OpenIZ.Mobile.Core.Data.Model.Entities.DbTelecomAddress, OpenIZ.Mobile.Core, Version=0.5.0.0">
    <property modelName="Key" domainName="Uuid"/>
    <property modelName="AddressUseKey" domainName="TelecomUseUuid"/>
    <property modelName="SourceEntityKey" domainName="EntityUuid"/>
  </class>


  <class modelClass="OpenIZ.Core.Model.DataTypes.EntityExtension, OpenIZ.Core.Model, Version=1.0.0.0"
   domainClass="OpenIZ.Mobile.Core.Data.Model.Extensibility.DbEntityExtension, OpenIZ.Mobile.Core, Version=0.5.0.0">
    <property modelName="Key" domainName="Uuid"/>
    <property modelName="ExtensionTypeKey" domainName="ExtensionTypeUuid"/>
    <property modelName="SourceEntityKey" domainName="EntityUuid"/>
  </class>

  <class modelClass="OpenIZ.Core.Model.DataTypes.EntityNote, OpenIZ.Core.Model, Version=1.0.0.0"
 domainClass="OpenIZ.Mobile.Core.Data.Model.Extensibility.DbEntityNote, OpenIZ.Mobile.Core, Version=0.5.0.0">
    <property modelName="Key" domainName="Uuid"/>
    <property modelName="SourceEntityKey" domainName="EntityUuid"/>
    <property modelName="AuthorKey" domainName="AuthorUuid"/>
  </class>

  <class modelClass="OpenIZ.Core.Model.DataTypes.EntityTag, OpenIZ.Core.Model, Version=1.0.0.0"
 domainClass="OpenIZ.Mobile.Core.Data.Model.Extensibility.DbEntityTag, OpenIZ.Mobile.Core, Version=0.5.0.0">
    <property modelName="Key" domainName="Uuid"/>
    <property modelName="SourceEntityKey" domainName="EntityUuid"/>
  </class>
  
  <class modelClass="OpenIZ.Core.Model.DataTypes.ExtensionType, OpenIZ.Core.Model, Version=1.0.0.0"
   domainClass="OpenIZ.Mobile.Core.Data.Model.Extensibility.DbExtensionType, OpenIZ.Mobile.Core, Version=0.5.0.0">
    <property modelName="Key" domainName="Uuid"/>
  </class>


  <!-- Person Maps -->
  <class modelClass="OpenIZ.Core.Model.Entities.Person, OpenIZ.Core.Model, Version=1.0.0.0"
       domainClass="OpenIZ.Mobile.Core.Data.Model.Entities.DbPerson, OpenIZ.Mobile.Core, Version=0.5.0.0">
    <property modelName="Key" domainName="Uuid"/>
  </class>

  <class modelClass="OpenIZ.Core.Model.Entities.PersonLanguageCommunication, OpenIZ.Core.Model, Version=1.0.0.0"
       domainClass="OpenIZ.Mobile.Core.Data.Model.Entities.DbPersonLanguageCommunication, OpenIZ.Mobile.Core, Version=0.5.0.0">
    <property modelName="Key" domainName="Uuid"/>
    <property modelName="SourceEntityKey" domainName="EntityUuid"/>
  </class>
  
  <!-- Patient Maps -->
  <class modelClass="OpenIZ.Core.Model.Roles.Patient, OpenIZ.Core.Model, Version=1.0.0.0"
       domainClass="OpenIZ.Mobile.Core.Data.Model.Roles.DbPatient, OpenIZ.Mobile.Core, Version=0.5.0.0">
    <property modelName="Key" domainName="Uuid"/>
    <property modelName="GenderConceptKey" domainName="GenderConceptUuid"/>
  </class>

  <!-- Material Maps -->
  <class modelClass="OpenIZ.Core.Model.Entities.Material, OpenIZ.Core.Model, Version=1.0.0.0"
       domainClass="OpenIZ.Mobile.Core.Data.Model.Entities.DbMaterial, OpenIZ.Mobile.Core, Version=0.5.0.0">
    <property modelName="Key" domainName="Uuid"/>
    <property modelName="FormConceptKey" domainName="FormConceptUuid"/>
    <property modelName="QuantityConceptKey" domainName="QuantityConceptUuid"/>
  </class>

  <class modelClass="OpenIZ.Core.Model.Entities.ManufacturedMaterial, OpenIZ.Core.Model, Version=1.0.0.0"
     domainClass="OpenIZ.Mobile.Core.Data.Model.Entities.DbManufacturedMaterial, OpenIZ.Mobile.Core, Version=0.5.0.0">
    <property modelName="Key" domainName="Uuid"/>
  </class>
  
  <!-- Provider Maps -->
  <class modelClass="OpenIZ.Core.Model.Roles.Provider, OpenIZ.Core.Model, Version=1.0.0.0"
       domainClass="OpenIZ.Mobile.Core.Data.Model.Roles.DbProvider, OpenIZ.Mobile.Core, Version=0.5.0.0">
    <property modelName="Key" domainName="Uuid"/>
    <property modelName="ProviderSpecialtyKey" domainName="Specialty"/>
  </class>
  
  <!-- Industry Maps -->
  <class modelClass="OpenIZ.Core.Model.Entities.Organization, OpenIZ.Core.Model, Version=1.0.0.0"
       domainClass="OpenIZ.Mobile.Core.Data.Model.Entities.DbOrganization, OpenIZ.Mobile.Core, Version=0.5.0.0">
    <property modelName="Key" domainName="Uuid"/>
    <property modelName="IndustryConceptKey" domainName="IndustryConceptUuid"/>
  </class>

  <class modelClass="OpenIZ.Core.Model.Entities.Place, OpenIZ.Core.Model, Version=1.0.0.0"
       domainClass="OpenIZ.Mobile.Core.Data.Model.Entities.DbPlace, OpenIZ.Mobile.Core, Version=0.5.0.0">
    <property modelName="Key" domainName="Uuid"/>
  </class>
  
  <class modelClass="OpenIZ.Core.Model.Entities.PlaceService, OpenIZ.Core.Model, Version=1.0.0.0"
       domainClass="OpenIZ.Mobile.Core.Data.Model.Entities.DbPlaceService, OpenIZ.Mobile.Core, Version=0.5.0.0">
    <property modelName="Key" domainName="Uuid"/>
    <property modelName="SourceEntityKey" domainName="EntityUuid"/>
    <property modelName="ServiceConceptKey" domainName="ServiceConceptUuid"/>
  </class>

  <!-- Security entities -->
  <class modelClass="OpenIZ.Core.Model.Entities.ApplicationEntity, OpenIZ.Core.Model, Version=1.0.0.0"
       domainClass="OpenIZ.Mobile.Core.Data.Model.Entities.DbApplicationEntity, OpenIZ.Mobile.Core, Version=0.5.0.0">
    <property modelName="Key" domainName="Uuid"/>
    <property modelName="SecurityApplicationKey" domainName="SecurityApplicationUuid"/>
  </class>

  <class modelClass="OpenIZ.Core.Model.Entities.DeviceEntity, OpenIZ.Core.Model, Version=1.0.0.0"
       domainClass="OpenIZ.Mobile.Core.Data.Model.Entities.DbDeviceEntity, OpenIZ.Mobile.Core, Version=0.5.0.0">
    <property modelName="Key" domainName="Uuid"/>
    <property modelName="SecurityDeviceKey" domainName="SecurityDeviceUuid"/>
  </class>

  <class modelClass="OpenIZ.Core.Model.Entities.UserEntity, OpenIZ.Core.Model, Version=1.0.0.0"
       domainClass="OpenIZ.Mobile.Core.Data.Model.Entities.DbUserEntity, OpenIZ.Mobile.Core, Version=0.5.0.0">
    <property modelName="Key" domainName="Uuid"/>
    <property modelName="SecurityUserKey" domainName="SecurityUserUuid"/>
  </class>

  <!-- Represents Act Model -->
  <class modelClass="OpenIZ.Core.Model.Acts.Act, OpenIZ.Core.Model, Version=1.0.0.0"
         domainClass="OpenIZ.Mobile.Core.Data.Model.Acts.DbAct, OpenIZ.Mobile.Core, Version=0.5.0.0">
    <property modelName="Key" domainName="Uuid"/>
    <property modelName="VersionKey" domainName="VersionUuid"/>
    <property modelName="PreviousVersionKey" domainName="PreviousVersionUuid"/>
    <property modelName="StatusConceptKey" domainName="StatusConceptUuid"/>
    <property modelName="ClassConceptKey" domainName="ClassConceptUuid"/>
    <property modelName="MoodConceptKey" domainName="MoodConceptUuid"/>
    <property modelName="ReasonConceptKey" domainName="ReasonConceptUuid"/>
    <property modelName="TypeConceptKey" domainName="TypeConceptUuid"/>
    <property modelName="CreatedByKey" domainName="CreatedByUuid"    />
    <property modelName="CreatedByKey" domainName="UpdatedByUuid"/>
    <property modelName="ObsoletedByKey" domainName="ObsoletedByUuid"/>
  </class>

  <class modelClass="OpenIZ.Core.Model.DataTypes.ActExtension, OpenIZ.Core.Model, Version=1.0.0.0"
 domainClass="OpenIZ.Mobile.Core.Data.Model.Extensibility.DbActExtension, OpenIZ.Mobile.Core, Version=0.5.0.0">
    <property modelName="Key" domainName="Uuid"/>
    <property modelName="ExtensionTypeKey" domainName="ExtensionTypeUuid"/>
    <property modelName="SourceEntityKey" domainName="ActUuid"/>
  </class>

  <class modelClass="OpenIZ.Core.Model.DataTypes.ActNote, OpenIZ.Core.Model, Version=1.0.0.0"
 domainClass="OpenIZ.Mobile.Core.Data.Model.Extensibility.DbActNote, OpenIZ.Mobile.Core, Version=0.5.0.0">
    <property modelName="Key" domainName="Uuid"/>
    <property modelName="SourceEntityKey" domainName="ActUuid"/>
    <property modelName="AuthorKey" domainName="AuthorUuid"/>
  </class>

  <class modelClass="OpenIZ.Core.Model.DataTypes.ActTag, OpenIZ.Core.Model, Version=1.0.0.0"
 domainClass="OpenIZ.Mobile.Core.Data.Model.Extensibility.DbActTag, OpenIZ.Mobile.Core, Version=0.5.0.0">
    <property modelName="Key" domainName="Uuid"/>
    <property modelName="SourceEntityKey" domainName="ActUuid"/>
  </class>


  <class modelClass="OpenIZ.Core.Model.Acts.ActRelationship, OpenIZ.Core.Model, Version=1.0.0.0"
       domainClass="OpenIZ.Mobile.Core.Data.Model.Acts.DbActRelationship, OpenIZ.Mobile.Core, Version=0.5.0.0">
    <property modelName="Key" domainName="Uuid"/>
    <property modelName="SourceEntityKey" domainName="ActUuid"/>
    <property modelName="TargetActKey" domainName="TargetUuid"/>
    <property modelName="RelationshipTypeKey" domainName="RelationshipTypeUuid"/>
  </class>

  <class modelClass="OpenIZ.Core.Model.DataTypes.ActIdentifier, OpenIZ.Core.Model, Version=1.0.0.0"
         domainClass="OpenIZ.Mobile.Core.Data.Model.DataType.DbActIdentifier, OpenIZ.Mobile.Core, Version=0.5.0.0">
    <property modelName="Key" domainName="Uuid"/>
    <property modelName="IdentifierTypeKey" domainName="TypeUuid"/>
    <property modelName="AuthorityKey" domainName="AuthorityUuid"/>
    <property modelName="SourceEntityKey" domainName="ActUuid"/>
  </class>

  <class modelClass="OpenIZ.Core.Model.Acts.ActParticipation, OpenIZ.Core.Model, Version=1.0.0.0"
         domainClass="OpenIZ.Mobile.Core.Data.Model.Acts.DbActParticipation, OpenIZ.Mobile.Core, Version=0.5.0.0">
    <property modelName="Key" domainName="Uuid"/>
    <property modelName="PlayerEntityKey" domainName="EntityUuid"/>
    <property modelName="SourceEntityKey" domainName="ActUuid"/>
    <property modelName="ParticipationRoleKey" domainName="ParticipationRoleUuid"/>
  </class>

  <class modelClass="OpenIZ.Core.Model.Acts.ActParticipation, OpenIZ.Core.Model, Version=1.0.0.0"
       domainClass="OpenIZ.Mobile.Core.Data.Model.Acts.DbActParticipation, OpenIZ.Mobile.Core, Version=0.5.0.0">
    <property modelName="Key" domainName="Uuid"/>
    <property modelName="PlayerEntityKey" domainName="EntityUuid"/>
    <property modelName="SourceEntityKey" domainName="ActUuid"/>
    <property modelName="ParticipationRoleKey" domainName="ParticipationRoleUuid"/>
  </class>

  <class modelClass="OpenIZ.Core.Model.Acts.SubstanceAdministration, OpenIZ.Core.Model, Version=1.0.0.0"
       domainClass="OpenIZ.Mobile.Core.Data.Model.Acts.DbSubstanceAdministration, OpenIZ.Mobile.Core, Version=0.5.0.0">
    <property modelName="Key" domainName="Uuid"/>
    <property modelName="RouteKey" domainName="RouteConceptUuid"/>
    <property modelName="DoseUnitKey" domainName="DoseUnitConceptUuid"/>
  </class>


  <class modelClass="OpenIZ.Core.Model.Acts.PatientEncounter, OpenIZ.Core.Model, Version=1.0.0.0"
       domainClass="OpenIZ.Mobile.Core.Data.Model.Acts.DbPatientEncounter, OpenIZ.Mobile.Core, Version=0.5.0.0">
    <property modelName="Key" domainName="Uuid"/>
    <property modelName="DischargeDispositionKey" domainName="DischargeDispositionUuid"/>
  </class>
  
  <class modelClass="OpenIZ.Core.Model.Acts.Observation, OpenIZ.Core.Model, Version=1.0.0.0"
       domainClass="OpenIZ.Mobile.Core.Data.Model.Acts.DbObservation, OpenIZ.Mobile.Core, Version=0.5.0.0">
    <property modelName="Key" domainName="Uuid"/>
    <property modelName="InterpretationConceptKey" domainName="InterpretationConceptUuid"/>
  </class>

  <class modelClass="OpenIZ.Core.Model.Acts.QuantityObservation, OpenIZ.Core.Model, Version=1.0.0.0"
       domainClass="OpenIZ.Mobile.Core.Data.Model.Acts.DbQuantityObservation, OpenIZ.Mobile.Core, Version=0.5.0.0">
    <property modelName="Key" domainName="Uuid"/>
    <property modelName="UnitOfMeasureKey" domainName="UnitOfMeasureUuid"/>
  </class>

  <class modelClass="OpenIZ.Core.Model.Acts.CodedObservation, OpenIZ.Core.Model, Version=1.0.0.0"
       domainClass="OpenIZ.Mobile.Core.Data.Model.Acts.DbCodedObservation, OpenIZ.Mobile.Core, Version=0.5.0.0">
    <property modelName="Key" domainName="Uuid"/>
    <property modelName="ValueKey" domainName="Value"/>
  </class>
      
  <class modelClass="OpenIZ.Core.Model.Acts.TextObservation, OpenIZ.Core.Model, Version=1.0.0.0"
       domainClass="OpenIZ.Mobile.Core.Data.Model.Acts.DbTextObservation, OpenIZ.Mobile.Core, Version=0.5.0.0">
    <property modelName="Key" domainName="Uuid"/>
  </class>
      
  <class modelClass="OpenIZ.Core.Model.DataTypes.TemplateDefinition, OpenIZ.Core.Model, Version=1.0.0.0"
         domainClass="OpenIZ.Mobile.Core.Data.Model.Extensibility.DbTemplateDefinition, OpenIZ.Mobile.Core, Version=0.5.0.0">
    <property modelName="Key" domainName="Uuid"/>
    <property modelName="CreatedByKey" domainName="CreatedByUuid"/>
    <property modelName="UpdatedByKey" domainName="UpdatedByUuid"/>
    <property modelName="ObsoletedByKey" domainName="ObsoletedByUuid"/>
  </class>
</modelMap>