﻿<?xml version="1.0" encoding="utf-8" ?>
<ProtocolDefinition xmlns="http://openiz.org/cdss" uuid="063FFFAD-FC37-4666-B949-4A96AE2A4FB9" id="zz__Weight" name="Weigh Schedule">
  <!-- Younger than 5 only -->
  <when evaluation="and">
    <linqExpression>now.Subtract(DateOfBirth.Value.Date).TotalDays &lt;= 1825</linqExpression>
  </when>
  <rule id="Weight" repeat="60">
    <variable name="minDate">DateOfBirth.Value.Date.AddMonths(index).AddDays(-DateOfBirth.Value.Day + 1)</variable>
    <variable name="maxDate">DateOfBirth.Value.Date.AddMonths(index + 1).AddDays(-DateOfBirth.Value.Day).AddHours(23).AddMinutes(59)</variable>
    <when evaluation="and">
      <!-- Patient does not have Weights taken or proposed-->
      <imsiExpression negationIndicator="true">participation[RecordTarget].act.typeConcept.mnemonic=VitalSign-Weight&amp;participation[RecordTarget].act.actTime=>$minDate$&amp;participation[RecordTarget].act.actTime=&lt;$maxDate$</imsiExpression>
    </when>
    <then>
      <action>
        <jsonModel>
          <![CDATA[
            {
              "$type": "QuantityObservation",              
              "template": {
                "mnemonic": "Act.Observation.Weight"
              },
             
              "moodConcept": "ACF7BAF2-221F-4BC2-8116-CEB5165BE079",
              "classConcept": "28D022C6-8A8B-47C4-9E6A-2BC67308739E",
              "typeConceptModel" : {
                "id": "a261f8cd-69b0-49aa-91f4-e6d3e5c612ed",
                "mnemonic":"VitalSign-Weight"
              },
              "unitOfMeasure" : "a0a8d4db-db72-4bc7-9b8c-c07cef7bc796"
            }
          ]]>
        </jsonModel>
        <assign propertyName="ActTime">DateOfBirth.Value.Date.AddMonths(index)</assign>
        <assign propertyName="StartTime">minDate</assign>
        <assign propertyName="StopTime">maxDate</assign>
      </action>
    </then>
  </rule>
</ProtocolDefinition>