﻿<?xml version="1.0" encoding="utf-8" ?>
<ProtocolDefinition xmlns="http://openiz.org/cdss" name="Oral Polio Vaccine" protocolVersion="1" uuid="C2A628F3-DB52-45ED-B863-0FB4B1B8E77C">
  <!-- Younger than 5 only -->
  <when evaluation="and">
    <linqExpression>now.Subtract(DateOfBirth.Value.Date).TotalDays &lt;= 1825</linqExpression>
  </when>
  <rule id="OPV0">
    <!-- When the patient has not received any, -->
    <when evaluation="and">
      <!-- Does not have a recommendation for OPV-0 (Birth Dose) -->
      <imsiExpression negationIndicator="true">
        participation[RecordTarget].source.participation[Product].player.typeConcept.mnemonic=VaccineType-OPV&amp;
        participation[RecordTarget].source@SubstanceAdministration.doseSequence=0
      </imsiExpression>
    </when>
    <then>
      <action>
        <jsonModel>
          <![CDATA[
            {
				      "$type": "SubstanceAdministration",
              template: {
                  mnemonic: "Act.SubstanceAdmin.Immunization"
              },
             
              "moodConceptModel": { "id" : "ACF7BAF2-221F-4BC2-8116-CEB5165BE079", "mnemonic" : "PROPOSE" },
              "typeConceptModel": { "id" : "F3BE6B88-BC8F-4263-A779-86F21EA10A47", "mnemonic" : "InitialImmunization" },
				      "doseSequence": 0,
              "doseQuantity" : 1.0,
              "doseUnitModel" : {
                "id": "a77b8d83-1cc9-4806-a268-5d1738154afa",
                "mnemonic" : "DOSE"
              },
              "routeModel" : {
                "id": "0a1388b0-66fb-4063-bfe3-151dd8442838",
                "mnemonic": "RouteOfAdministration-PO"
              },
              "siteModel" : {
                "id": "e5b6847e-91e0-4fca-ac2e-753962008080",
                "mnemonic": 'Site-Oral'
              },
				      "participation": {
					      "Product": [{
                  "playerModel" : {
                    "$type" : "Material",
                    "id" : "790be5ca-d07d-46c6-8fa0-9d4f5adf388c",
                    "typeConceptModel": {
                      "id" : "c7f4980b-e338-4363-83f7-2b3d38933e7e",
                      "mnemonic": "VaccineType-OPV"
                    },
						        "name": {
							        "OfficialRecord": [{
								        "component": {
									        "$other": ["Oral Polio Vaccine"]
								        }
							        }],
                      "Assigned": [{
								        "component": {
									        "$other": ["OPV"]
								        }
							        }]
						        }
                  }
					      }]
				      }
			      }
            ]]>
        </jsonModel>
        <!-- Set the dynamic properties to 0..5 days after birth - Recommend 1 day after birth-->
        <assign propertyName="StartTime">DateOfBirth.Value</assign>
        <assign propertyName="StopTime">DateOfBirth.Value + new TimeSpan(5,0,0,0)</assign>
        <assign propertyName="ActTime">DateOfBirth.Value</assign>
      </action>
    </then>
  </rule>
  <rule id="OPV1">
    <!-- When the patient has not received any, -->
    <when evaluation="and">
      <!-- Does not have a recommendation for OPV-1 -->
      <imsiExpression negationIndicator="true">
        participation[RecordTarget].source.participation[Product].player.typeConcept.mnemonic=VaccineType-OPV&amp;
      participation[RecordTarget].source@SubstanceAdministration.doseSequence=1
    </imsiExpression>
    </when>
    <then>
      <action>
        <jsonModel>
          <![CDATA[
            {
				      "$type": "SubstanceAdministration",
              template: {
                  mnemonic: "Act.SubstanceAdmin.Immunization"
              },
             
				      "moodConceptModel": { "id" : "ACF7BAF2-221F-4BC2-8116-CEB5165BE079", "mnemonic" : "PROPOSE" },
              "typeConceptModel": { "id" : "F3BE6B88-BC8F-4263-A779-86F21EA10A47", "mnemonic" : "Immunization" },
				      "doseSequence": 1,
              "doseQuantity" : 1.0,
              "doseUnitModel" : {
                "id": "a77b8d83-1cc9-4806-a268-5d1738154afa",
                "mnemonic" : "DOSE"
              },
              "routeModel" : {
                "id": "0a1388b0-66fb-4063-bfe3-151dd8442838",
                "mnemonic": "RouteOfAdministration-PO"
              },
              "siteModel" : {
                "id": "e5b6847e-91e0-4fca-ac2e-753962008080",
                "mnemonic": 'Site-Oral'
              },
				      "participation": {
					      "Product": [{
                  "playerModel" : {
                    "$type" : "Material",
                    "id" : "790be5ca-d07d-46c6-8fa0-9d4f5adf388c",
                    "typeConceptModel": {
                      "id" : "c7f4980b-e338-4363-83f7-2b3d38933e7e",
                      "mnemonic": "VaccineType-OPV"
                    },
						        "name": {
							        "OfficialRecord": [{
								        "component": {
									        "$other": ["Oral Polio Vaccine"]
								        }
							        }],
                      "Assigned": [{
								        "component": {
									        "$other": ["OPV"]
								        }
							        }]
						        }
                  }
					      }]
				      }
			      }
            ]]>
        </jsonModel>
        <assign propertyName="StartTime">DateOfBirth.Value + new TimeSpan(6 * 7,0,0,0)</assign>
        <assign propertyName="ActTime">DateOfBirth.Value + new TimeSpan(6 * 7,0,0,0)</assign>
      </action>
    </then>
  </rule>
  <rule id="OPV2">
    <!-- When the patient has not received any, -->
    <when evaluation="and">
      <!-- Does not have a recommendation for OPV-2 -->
      <imsiExpression negationIndicator="true">
        participation[RecordTarget].source.participation[Product].player.typeConcept.mnemonic=VaccineType-OPV&amp;
      participation[RecordTarget].source@SubstanceAdministration.doseSequence=2
    </imsiExpression>
      <!-- DOES HAVE OPV1 -->
      <imsiExpression>
        participation[RecordTarget].source.participation[Product].player.typeConcept.mnemonic=VaccineType-OPV&amp;
      participation[RecordTarget].source@SubstanceAdministration.doseSequence=1
    </imsiExpression>
    </when>
    <then>
      <action>
        <jsonModel>
          <![CDATA[
           {
				      "$type": "SubstanceAdministration",
              template: {
                  mnemonic: "Act.SubstanceAdmin.Immunization"
              },
             
				      "moodConceptModel": { "id" : "ACF7BAF2-221F-4BC2-8116-CEB5165BE079", "mnemonic" : "PROPOSE" },
              "typeConceptModel": { "id" : "6E7A3521-2967-4C0A-80EC-6C5C197B2178", "mnemonic" : "Immunization" },
				      "doseSequence": 2,
              "doseQuantity" : 1.0,
              "doseUnitModel" : {
                "id": "a77b8d83-1cc9-4806-a268-5d1738154afa",
                "mnemonic" : "DOSE"
              },
              "routeModel" : {
                "id": "0a1388b0-66fb-4063-bfe3-151dd8442838",
                "mnemonic": "RouteOfAdministration-PO"
              },
              "siteModel" : {
                "id": "e5b6847e-91e0-4fca-ac2e-753962008080",
                "mnemonic": 'Site-Oral'
              },
              "participation": {
					      "Product": [{
                  "playerModel" : {
                    "$type" : "Material",
                    "id" : "790be5ca-d07d-46c6-8fa0-9d4f5adf388c",
                    "typeConceptModel": {
                      "id" : "c7f4980b-e338-4363-83f7-2b3d38933e7e",
                      "mnemonic": "VaccineType-OPV"
                    },
						        "name": {
							        "OfficialRecord": [{
								        "component": {
									        "$other": ["Oral Polio Vaccine"]
								        }
							        }],
                      "Assigned": [{
								        "component": {
									        "$other": ["OPV"]
								        }
							        }]
						        }
                  }
					      }]
				      }
			      }
            ]]>
        </jsonModel>
        <assign scope="Participations" where="participationRole.mnemonic=RecordTarget&amp;source.classConcept=932A3C7E-AD77-450A-8A1F-030FC2855450&amp;source@SubstanceAdministration.doseSequence=1&amp;source.participation[Product].player.typeConcept.mnemonic=VaccineType-OPV" propertyName="StartTime">Act.ActTime + new TimeSpan(4 * 7,0,0,0)</assign>
        <assign scope="Participations" where="participationRole.mnemonic=RecordTarget&amp;source.classConcept=932A3C7E-AD77-450A-8A1F-030FC2855450&amp;source@SubstanceAdministration.doseSequence=1&amp;source.participation[Product].player.typeConcept.mnemonic=VaccineType-OPV" propertyName="ActTime">Act.ActTime + new TimeSpan(4 * 7,0,0,0)</assign>
        <assign scope="Participations" where="participationRole.mnemonic=RecordTarget&amp;source.classConcept=932A3C7E-AD77-450A-8A1F-030FC2855450&amp;source@SubstanceAdministration.doseSequence=1&amp;source.participation[Product].player.typeConcept.mnemonic=VaccineType-OPV" propertyName="StopTime">Act.ActTime + new TimeSpan(5 * 7,0,0,0)</assign>
      </action>
    </then>
  </rule>
  <rule id="OPV3">
    <!-- When the patient has not received any, -->
    <when evaluation="and">
      <!-- Does not have a recommendation for OPV-3 -->
      <imsiExpression negationIndicator="true">
        participation[RecordTarget].source.participation[Product].player.typeConcept.mnemonic=VaccineType-OPV&amp;
      participation[RecordTarget].source@SubstanceAdministration.doseSequence=3
    </imsiExpression>
      <!-- DOES HAVE OPV2 -->
      <imsiExpression>
        participation[RecordTarget].source.participation[Product].player.typeConcept.mnemonic=VaccineType-OPV&amp;
      participation[RecordTarget].source@SubstanceAdministration.doseSequence=2
    </imsiExpression>
    </when>
    <then>
      <action>
        <jsonModel>
          <![CDATA[
           {
				      "$type": "SubstanceAdministration",
              template: {
                  mnemonic: "Act.SubstanceAdmin.Immunization"
              },
             
				      "moodConceptModel": { "id" : "ACF7BAF2-221F-4BC2-8116-CEB5165BE079", "mnemonic" : "PROPOSE" },
              "typeConceptModel": { "id" : "6E7A3521-2967-4C0A-80EC-6C5C197B2178", "mnemonic" : "Immunization" },
				      "doseSequence": 3,
              "doseQuantity" : 1.0,
              "doseUnitModel" : {
                "id": "a77b8d83-1cc9-4806-a268-5d1738154afa",
                "mnemonic" : "DOSE"
              },
              "routeModel" : {
                "id": "0a1388b0-66fb-4063-bfe3-151dd8442838",
                "mnemonic": "RouteOfAdministration-PO"
              },
              "siteModel" : {
                "id": "e5b6847e-91e0-4fca-ac2e-753962008080",
                "mnemonic": 'Site-Oral'
              },
              "participation": {
					      "Product": [{
                  "playerModel" : {
                    "$type" : "Material",
                    "id" : "790be5ca-d07d-46c6-8fa0-9d4f5adf388c",
                    "typeConceptModel": {
                      "id" : "c7f4980b-e338-4363-83f7-2b3d38933e7e",
                      "mnemonic": "VaccineType-OPV"
                    },
						        "name": {
							        "OfficialRecord": [{
								        "component": {
									        "$other": ["Oral Polio Vaccine"]
								        }
							        }],
                      "Assigned": [{
								        "component": {
									        "$other": ["OPV"]
								        }
							        }]
						        }
                  }
					      }]
				      }
			      }
            ]]>
        </jsonModel>
        <assign scope="Participations" where="participationRole.mnemonic=RecordTarget&amp;source.classConcept=932A3C7E-AD77-450A-8A1F-030FC2855450&amp;source@SubstanceAdministration.doseSequence=2&amp;source.participation[Product].player.typeConcept.mnemonic=VaccineType-OPV" propertyName="StartTime">Act.ActTime + new TimeSpan(4 * 7,0,0,0)</assign>
        <assign scope="Participations" where="participationRole.mnemonic=RecordTarget&amp;source.classConcept=932A3C7E-AD77-450A-8A1F-030FC2855450&amp;source@SubstanceAdministration.doseSequence=2&amp;source.participation[Product].player.typeConcept.mnemonic=VaccineType-OPV" propertyName="ActTime">Act.ActTime + new TimeSpan(4 * 7,0,0,0)</assign>
        <assign scope="Participations" where="participationRole.mnemonic=RecordTarget&amp;source.classConcept=932A3C7E-AD77-450A-8A1F-030FC2855450&amp;source@SubstanceAdministration.doseSequence=2&amp;source.participation[Product].player.typeConcept.mnemonic=VaccineType-OPV" propertyName="StopTime">Act.ActTime + new TimeSpan(5 * 7,0,0,0)</assign>
      </action>
    </then>
  </rule>
</ProtocolDefinition>
