﻿<ProtocolDefinition xmlns="http://openiz.org/cdss" uuid="D4DFD6C2-2A83-4A4E-BBFE-7D607604A60C" name="Rota Virus Vaccine">
  <!-- Younger than 5 only -->
  <when evaluation="and">
    <linqExpression>now.Subtract(DateOfBirth.Value.Date).TotalDays &lt;= 1825</linqExpression>
  </when>
  <rule id="ROTA1">
    <when evaluation="and">
      <!-- ROTA is not in their file yet -->
      <imsiExpression negationIndicator="true">
        participation[RecordTarget].source.participation[Product].player.typeConcept.mnemonic=VaccineType-rotavirus&amp;
      participation[RecordTarget].source@SubstanceAdministration.doseSequence=1
    </imsiExpression>
    </when>
    <then>
      <action>
        <jsonModel>
          <![CDATA[
            {
				      "$type": "SubstanceAdministration",
              template: {
                  mnemonic: "Act.SubstanceAdmin.Immunization"
              },
             
				      "moodConceptModel": { "id" : "ACF7BAF2-221F-4BC2-8116-CEB5165BE079", "mnemonic" : "PROPOSE" },
              "typeConceptModel": { "id" : "F3BE6B88-BC8F-4263-A779-86F21EA10A47", "mnemonic" : "InitialImmunization" },
				      "doseSequence": 1,
              "doseQuantity" : 1.0,
              "doseUnitModel" : {
                "id": "a77b8d83-1cc9-4806-a268-5d1738154afa",
                "mnemonic" : "DOSE"
              },
              "routeModel" : {
                "id": "d594f99f-0151-41a0-a359-282ab54683a1",
                "mnemonic": "RouteOfAdministration-IM"
              },
              "siteModel" : {
                "id": "dd5db8ed-0d97-4728-bd94-27aacd79ea02",
                "mnemonic": 'Site-LeftArm'
              },          
				      "participation": {
					      "Product": [{
                  "playerModel" : {
                    "$type" : "Material",
                    "id" : "DD53B8FF-2F4D-4359-A031-9405AD384893",
                    "typeConceptModel": {
                      "id" : "9606ACF1-8A70-4664-944B-87B3750CA7CC",
                      "mnemonic": "VaccineType-rotavirus"
                    },
						        "name": {
							        "OfficialRecord": [{
								        "component": {
									        "$other": ["ROTAVIRUS VACCINE"]
								        }
							        }],
                      "Assigned": [{
								        "component": {
									        "$other": ["ROTA"]
								        }
							        }]
						        }
                  }
					      }]
				      }
			      }
          ]]>
        </jsonModel>
        <assign propertyName="ActTime">DateOfBirth.Value + new TimeSpan(42, 0, 0, 0)</assign>
        <assign propertyName="StartTime">DateOfBirth.Value + new TimeSpan(42,0,0,0)</assign>
        <assign propertyName="StopTime">DateOfBirth.Value + new TimeSpan(49, 0, 0, 0)</assign>
      </action>
    </then>
  </rule>
  <rule id="ROTA2">
    <when evaluation="and">
      <!-- ROTA 1 is in their file yet -->
      <imsiExpression negationIndicator="false">
        participation[RecordTarget].source.participation[Product].player.typeConcept.mnemonic=VaccineType-rotavirus&amp;
        participation[RecordTarget].source@SubstanceAdministration.doseSequence=1
      </imsiExpression>
      <!-- ROTA 2 is not in their file yet -->
      <imsiExpression negationIndicator="true">
        participation[RecordTarget].source.participation[Product].player.typeConcept.mnemonic=VaccineType-rotavirus&amp;
        participation[RecordTarget].source@SubstanceAdministration.doseSequence=2
      </imsiExpression>
    </when>
    <then>
      <action>
        <jsonModel>
          <![CDATA[
            {
				      "$type": "SubstanceAdministration",
              template: {
                  mnemonic: "Act.SubstanceAdmin.Immunization"
              },
             
				      "moodConceptModel": { "id" : "ACF7BAF2-221F-4BC2-8116-CEB5165BE079", "mnemonic" : "PROPOSE" },
              "typeConceptModel": { "id" : "6E7A3521-2967-4C0A-80EC-6C5C197B2178", "mnemonic" : "Immunization" },
				      "doseSequence": 2,
              "doseQuantity" : 1.0,
              "doseUnitModel" : {
                "id": "a77b8d83-1cc9-4806-a268-5d1738154afa",
                "mnemonic" : "DOSE"
              },
              "routeModel" : {
                "id": "d594f99f-0151-41a0-a359-282ab54683a1",
                "mnemonic": "RouteOfAdministration-IM"
              },
              "siteModel" : {
                "id": "dd5db8ed-0d97-4728-bd94-27aacd79ea02",
                "mnemonic": 'Site-LeftArm'
              },           
				      "participation": {
					      "Product": [{
                  "playerModel" : {
                    "$type" : "Material",
                    "id" : "DD53B8FF-2F4D-4359-A031-9405AD384893",
                    "typeConceptModel": {
                      "id" : "9606ACF1-8A70-4664-944B-87B3750CA7CC",
                      "mnemonic": "VaccineType-rotavirus"
                    },
						        "name": {
							        "OfficialRecord": [{
								        "component": {
									        "$other": ["ROTAVIRUS VACCINE"]
								        }
							        }],
                      "Assigned": [{
								        "component": {
									        "$other": ["ROTA"]
								        }
							        }]
						        }
                  }
					      }]
				      }
			      }
          ]]>
        </jsonModel>
        <assign scope="Participations" where="participationRole.mnemonic=RecordTarget&amp;source.classConcept=932A3C7E-AD77-450A-8A1F-030FC2855450&amp;source@SubstanceAdministration.doseSequence=1&amp;source.participation[Product].player.typeConcept.mnemonic=VaccineType-rotavirus" propertyName="StartTime">Act.ActTime + new TimeSpan(4 * 7,0,0,0)</assign>
        <assign scope="Participations" where="participationRole.mnemonic=RecordTarget&amp;source.classConcept=932A3C7E-AD77-450A-8A1F-030FC2855450&amp;source@SubstanceAdministration.doseSequence=1&amp;source.participation[Product].player.typeConcept.mnemonic=VaccineType-rotavirus" propertyName="ActTime">Act.ActTime + new TimeSpan(4 * 7,0,0,0)</assign>
        <assign scope="Participations" where="participationRole.mnemonic=RecordTarget&amp;source.classConcept=932A3C7E-AD77-450A-8A1F-030FC2855450&amp;source@SubstanceAdministration.doseSequence=1&amp;source.participation[Product].player.typeConcept.mnemonic=VaccineType-rotavirus" propertyName="StopTime">Act.ActTime + new TimeSpan(5 * 7,0,0,0)</assign>
      </action>
    </then>
  </rule>
</ProtocolDefinition>