﻿{
  "$type": "QuantityObservation",
  "template": {
    "mnemonic": "Act.Observation.Weight"
  },
  "moodConcept": "EC74541F-87C4-4327-A4B9-97F325501747",
  "statusConcept": "C8064CBD-FA06-4530-B430-1A52F1530C27",
  "typeConceptModel": {
    "id": "a261f8cd-69b0-49aa-91f4-e6d3e5c612ed",
    "mnemonic": "VitalSign-Weight"
  },
  "actTime": "{{now}}",
  "value": 0,
  "unitOfMeasure": "a0a8d4db-db72-4bc7-9b8c-c07cef7bc796",
  "participation": {
    "Location": {
      "classConcept": "F51DFDCD-039B-4E1F-90BE-3CF56AEF8DA4",
      "statusConcept": "C8064CBD-FA06-4530-B430-1A52F1530C27",
      "player": "{{facilityId}}"
    },
    "Performer": {
      "player": "{{userEntityId}}"
    },
    "Authororiginator": {
      "classConcept": "F51DFDCD-039B-4E1F-90BE-3CF56AEF8DA4",
      "statusConcept": "C8064CBD-FA06-4530-B430-1A52F1530C27",
      "player": "{{userId}}"
    },
    "RecordTarget": {
      "classConcept": "F51DFDCD-039B-4E1F-90BE-3CF56AEF8DA4",
      "statusConcept": "C8064CBD-FA06-4530-B430-1A52F1530C27",
      "player": ""
    }
  }
}