﻿{
  "$type": "Act",
  "template": {
    "mnemonic": "Act.TransferStock"
  },
  "moodConcept": "E658CA72-3B6A-4099-AB6E-7CF6861A5B61",
  "classConcept": "FFD8304A-43EC-4EBC-95FC-FB4A4F2338F0",
  "statusConcept": "C34FCBF1-E0FE-4989-90FD-0DC49E1B9685",
  "actTime": "{{now}}",
  "participation": {
    "Location": {
      "classConcept": "F51DFDCD-039B-4E1F-90BE-3CF56AEF8DA4",
      "statusConcept": "C8064CBD-FA06-4530-B430-1A52F1530C27",
      "player": "{{facilityId}}"
    },
    "Receiver": {
      "classConcept": "F51DFDCD-039B-4E1F-90BE-3CF56AEF8DA4",
      "statusConcept": "C8064CBD-FA06-4530-B430-1A52F1530C27",
      "player": ""
    },
    "Authororiginator": {
      "classConcept": "F51DFDCD-039B-4E1F-90BE-3CF56AEF8DA4",
      "statusConcept": "C8064CBD-FA06-4530-B430-1A52F1530C27",
      "player": "{{userId}}"
    }
  }
}