[
  {
    "outputFileName": "js/openiz-localize.min.js",
    "inputFiles": [
      "js/openiz-localize.js"
    ]
  },
  {
    "outputFileName": "js/openiz-model.min.js",
    "inputFiles": [
      "js/openiz-model.js"
    ]
  },
  {
    "outputFileName": "js/openiz.min.js",
    "inputFiles": [
      "js/openiz.js"
    ]
  },
  {
    "outputFileName": "css/theme.min.css",
    "inputFiles": [
      "css/theme.css"
    ]
  },
  {
    "outputFileName": "controllers/common/patients/search/search-results.min.js",
    "inputFiles": [
      "controllers/common/patients/search/search-results.js"
    ]
  },
  {
    "outputFileName": "controllers/common/security/login.min.js",
    "inputFiles": [
      "controllers/common/security/login.js"
    ]
  },
  {
    "outputFileName": "controllers/settings/settings.min.js",
    "inputFiles": [
      "controllers/settings/settings.js"
    ]
  },
  {
    "outputFileName": "controllers/layouts/root.min.js",
    "inputFiles": [
      "controllers/layouts/root.js"
    ]
  },
  {
    "outputFileName": "controllers/layouts/navbar.min.js",
    "inputFiles": [
      "controllers/layouts/navbar.js"
    ]
  },
  {
    "outputFileName": "lib/bootstrap-tokenfield.min.js",
    "inputFiles": [
      "lib/bootstrap-tokenfield.js"
    ]
  },
  {
    "outputFileName": "lib/jquery.datefix.min.js",
    "inputFiles": [
      "lib/jquery.datefix.js"
    ]
  },
  {
    "outputFileName": "lib/select2.min.js",
    "inputFiles": [
      "lib/select2.js"
    ]
  },
  {
    "outputFileName": "js/openiz-ng.min.js",
    "inputFiles": [
      "js/openiz-ng.js"
    ]
  }
]
