<!--
 - Copyright 2015-2016 Mohawk College of Applied Arts and Technology
 -
 - 
 - Licensed under the Apache License, Version 2.0 (the "License"); you 
 - may not use this file except in compliance with the License. You may 
 - obtain a copy of the License at 
 - 
 - http://www.apache.org/licenses/LICENSE-2.0 
 - 
 - Unless required by applicable law or agreed to in writing, software
 - distributed under the License is distributed on an "AS IS" BASIS, WITHOUT
 - WARRANTIES OR CONDITIONS OF ANY KIND, either express or implied. See the 
 - License for the specific language governing permissions and limitations under 
 - the License.
 - 
 - User: justi
 - Date: 2016-7-18
 -->
<AppletManifest xmlns="http://openiz.org/applet">
  <info id="org.openiz.core" version="0.6.7.*">
    <icon>/org.openiz.core/img/icon.png</icon>
    <name lang="en">OpenIZ Disconnected Client Core</name>
    <author>Mohawk College of Applied Arts and Technology - mHealth &amp; eHealth Development &amp; Innovation Centre</author>
  </info>
  <startup>~/index.html</startup>
  
  <template mnemonic="Act.SubstanceAdmin.Immunization">
    <form>/org.openiz.core/views/templates/act.substanceadmin.immunization.html</form>
    <oid>1.2.3.4.5.6.7.8.10</oid>
    <definition>/org.openiz.core/templates/act.substanceadmin.immunization.json</definition>
  </template>
  
  <template mnemonic="Act.PatientEncounter.Checkin">
    <oid>1.2.3.4.5.6.7.8.11</oid>
    <definition>/org.openiz.core/templates/act.patientencounter.checkin.json</definition>
  </template>
  
  <template mnemonic="Act.TransferStock">
    <oid>1.2.3.4.5.6.7.8.12</oid>
    <definition>/org.openiz.core/templates/act.transferstock.json</definition>
  </template>
  
  <template mnemonic="Act.Observation.Weight">
    <form>/org.openiz.core/views/templates/act.observation.weight.html</form>
    <oid>1.2.3.4.5.6.7.8.13</oid>
    <definition>/org.openiz.core/templates/act.observation.weight.json</definition>
  </template>

  <template mnemonic="Act.AdjustStock">
    <oid>1.2.3.4.5.6.7.8.14</oid>
    <definition>/org.openiz.core/templates/act.adjuststock.json</definition>
  </template>

  <template mnemonic="Act.CountStock">
    <oid>1.2.3.4.5.6.7.8.15</oid>
    <definition>/org.openiz.core/templates/act.countstock.json</definition>
  </template>
  
  <menuItem order="99">
    <icon>/tz.timr.applet/img/appbar.code.xml.png</icon>
    <text>Development Tools</text>
    <menuItem launch="/org.openiz.core/views/debug/report.html">
      <icon>/org.openiz.core/img/appbar.bug.png</icon>
      <text>Bug Report</text>
    </menuItem>
    <menuItem launch="/org.openiz.core/views/debug/about.html">
      <icon>/org.openiz.core/img/appbar.futurama.bender.png</icon>
      <text>Debug Information</text>
    </menuItem>
    <menuItem launch="/org.openiz.core/views/debug/feedback.html">
      <icon>/org.openiz.core/img/appbar.lightbulb.hue.on.png</icon>
      <text>Suggestion Box</text>
    </menuItem>
    <menuItem launch="/org.openiz.core/views/settings/settings.html">
      <icon>/org.openiz.core/img/appbar.settings.png</icon>
      <text>Suggestion Box</text>
    </menuItem>
  </menuItem>
  <strings lang="en">

    <!-- Encounters -->
    <string key="locale.encounters.overdue">Overdue</string>
    
    <!-- Actions -->
    <string key="locale.action.submit">Submit</string>
    <string key="locale.action.delete">Delete</string>
    <string key="locale.action.acknowledge">Acknowledge</string>
    <string key="locale.action.cancel">Cancel</string>
    <string key="locale.action.save">Save</string>
    <string key="locale.action.view">View</string>
    <string key="locale.action.update">Update</string>
    <string key="locale.action.edit">Edit</string>
    <string key="locale.action.remove">Remove</string>
    <string key="locale.action.search">Search</string>

    <!-- Alerts -->
    <string key="locale.alert.updateSuccessful">Update Successful</string>
    <string key="locale.alert.updateUnsuccessful">Update Unsuccessful</string>

    <!-- Common -->
    <string key="locale.common.no">No</string>
    <string key="locale.common.yes">Yes</string>
    <string key="locale.common.unknown">Unknown</string>
    <string key="locale.dialog.wait.text">Please wait</string>

    <!-- Login -->
    <string key="locale.security.login.helpText">Please log into TImR to continue</string>
    <string key="locale.security.login.label.username">Username</string>
    <string key="locale.security.login.label.password">Password</string>
    <string key="locale.security.login.placeholder.username">Enter your username</string>
    <string key="locale.security.login.placeholder.password">Enter your password</string>
    <string key="locale.security.login.button.forgotPassword">Forgot Password</string>
    <string key="locale.security.login.button.login">Login</string>
    <string key="locale.security.forgotPassword.title">Forgot Password</string>
    <string key="locale.security.errors.usernameRequired">Please enter a username</string>
    <string key="locale.security.errors.passwordRequired">Please enter a password</string>
    <string key="locale.security.errors.unableToResetPassword">Unable to reset password</string>

    <string key="locale.error.404.title">Not Found</string>
    <string key="locale.error.404.description">The requested resource was not found: </string>
    <string key="locale.error.500.title">Internal Server Error</string>
    <string key="locale.error.500.description">There was an internal error rendering the page. Please check the mobile log files.</string>
    <string key="locale.error.403.title">Forbidden</string>
    <string key="locale.error.403.description">The requested action is forbidden</string>
    <string key="locale.error.bug.title">Submit Bug</string>
    <string key="locale.error.bug.description">Use this form to submit a bug or feedback on this page.</string>
    <string key="locale.error.bug.input.title">Summary:</string>
    <string key="locale.error.bug.input.severity">Severity:</string>
    <string key="locale.error.bug.input.blocker">I cannot perform my assigned tasks because of this bug</string>
    <string key="locale.error.bug.input.severe">This bug is severe and I cannot work around it</string>
    <string key="locale.error.bug.input.minimal">I can work around this bug but it interrupts my workflow</string>
    <string key="locale.error.bug.input.trivial">I am able to work around this bug</string>
    <string key="locale.error.bug.input.description">Describe this bug:</string>
    <string key="locale.error.bug.input.logFile">Attach Log File:</string>

    <!-- Settings -->
    <string key="locale.settings.realmTitle">Join Realm</string>
    <string key="locale.settings.realmDescription">A realm is a security domain to which OpenIZ is joined. This realm is responsible for controlling security settings, data synchronization as well administrative functions such as the concept dictionary.</string>
    <string key="locale.settings.deviceName">Device Name:</string>
    <string key="locale.settings.realmName">Realm ID:</string>
    <string key="locale.settings.dataTitle">Data Settings</string>
    <string key="locale.settings.dataDescription">This panel allows you to configure manner in which data is stored and synchronized with the central environment.</string>
    <string key="locale.settings.dataMode">Data Mode:</string>
    <string key="locale.settings.logTitle">Log Settings</string>
    <string key="locale.settings.logDescription">OpenIZ Disconnected Client keeps application log files which can be sent to a centralized diagnosis server in the case of application crash. Use this panel to configure the verbosity of those logs</string>
    <string key="locale.settings.logMode">Log Detail:</string>
    <string key="locale.settings.log.critical">Critical Alerts (crashes) only</string>
    <string key="locale.settings.log.always">Log Everything (results in large log files)</string>
    <string key="locale.settings.log.informational">Verbose</string>
    <string key="locale.settings.log.verbose">Very Verbose</string>
    <string key="locale.settings.log.error">Errors Only</string>
    <string key="locale.settings.log.warning">Errors and Warnings Only</string>
    <string key="locale.settings.securityTitle">Security Settings</string>
    <string key="locale.settings.securityDescription">Use this panel to configure the manner in which security policies are enforced on this device.</string>
    <string key="locale.settings.passwordFormat">Password Store:</string>
    <string key="locale.settings.allowLocalAuth">Authorization:</string>
    <string key="locale.settings.allowLocalAuthDescription">Allow local authorization, this will allow clients to log into the app even if the internet is down</string>
    <string key="locale.settings.security.sha256">SHA256 Hashing - Very Strong</string>
    <string key="locale.settings.security.sha1">SHA1 Hashing - Compatibility mode</string>
    <string key="locale.settings.security.plain">Plaintext (not-recommended)</string>
    <string key="locale.settings.save">Save Settings</string>
    <string key="locale.settings.cancel">Cancel</string>
    <string key="locale.settings.syncEvents">Synchronize On:</string>
    <string key="locale.settings.syncEvents.start">When the application starts</string>
    <string key="locale.settings.syncEvents.stop">When the application closes</string>
    <string key="locale.settings.syncEvents.commit">Everytime new data is available</string>
    <string key="locale.settings.syncEvents.ip">When the internet status changes</string>
    <string key="locale.settings.pollInterval">Enable Polling:</string>
    <string key="locale.settings.pollInterval.0">Never</string>
    <string key="locale.settings.pollInterval.1">Every 1 minute</string>
    <string key="locale.settings.pollInterval.5">Every 5 minutes</string>
    <string key="locale.settings.pollInterval.15">Every 15 minutes</string>
    <string key="locale.settings.pollInterval.30">Every 30 minutes</string>
    <string key="locale.settings.pollInterval.push">When new data is available</string>
    <string key="locale.settings.leaveRealm">Leave</string>
    <string key="locale.settings.joinRealm">Join</string>
    <string key="locale.settings.apply">Apply</string>
    <string key="locale.settings.cancel">Cancel</string>
    <string key="locale.settings.error.noRealm">Your application is not joined to any realm!</string>
    <string key="locale.settings.confirm.leaveRealm">This operation will remove all local unsynchronized data. Are you sure you want to leave the realm </string>
    <string key="locale.settings.status.joinRealm">Your application is now joined to this realm</string>
    <string key="locale.settings.createLocalAdmin">Create local administrator account</string>
    <string key="locale.settings.localAdminPassword">Local Admin Password:</string>
    <string key="locale.settings.localAdminName">Local Admin Username:</string>
    <string key="locale.actions.save">Save</string>

    <!-- Preferences -->
    <string key="locale.preferences.changePassword">Change Password</string>
    <string key="locale.preferences.username">Username</string>
    <string key="locale.preferences.existingPassword">Existing Password</string>
    <string key="locale.preferences.password">New Password</string>
    <string key="locale.preferences.confirm">Confirm Password</string>
    <string key="locale.preferences.tabs.password">Password</string>
    <string key="locale.preferences.tabs.profile">My Profile</string>
    <string key="locale.preferences.givenName">Name(s)</string>
    <string key="locale.preferences.familyName">Surname(s)</string>
    <string key="locale.preferences.telephone">Tel / E-Mail</string>
    <string key="locale.preferences.facility">Facility</string>
    <string key="locale.preferences.language">Language</string>
    <string key="locale.preferences.errors.existingPasswordRequired">Please enter your existing password</string>
    <string key="locale.preferences.errors.newPasswordRequired">Please enter your new password</string>
    <string key="locale.preferences.errors.confirmationPasswordRequired">Please enter your new password confirmation</string>

    <!-- Stock Management -->
    <string key="locale.stock.action.transfer">Transfer</string>
    <string key="locale.stock.action.count">Stock Count</string>
    <string key="locale.stock.adjustStock">Adjust Stock</string>
    <string key="locale.stock.lowstock">Low Stock</string>
    <string key="locale.stock.ordersummary.title">Order Summary</string>
    <string key="locale.stock.stockorders.title">Stock Orders</string>
    <string key="locale.stock.gtin">GTIN</string>
    <string key="locale.stock.lotNumber">Lot No.</string>
    <string key="locale.stock.vaccine">Vaccine</string>
    <string key="locale.stock.vaccines.title">Vaccines</string>
    <string key="locale.stock.dateRecorded">Date Recorded</string>
    <string key="locale.stock.unitOfMeasure">Unit of Measure</string>
    <string key="locale.stock.adjustmentReason">Adjustment Reason</string>
    <string key="locale.stock.quantity">Quantity</string>
    <string key="locale.stock.amount">Stock Counted</string>
    <string key="locale.stock.countStock">Count Stock</string>
    <string key="locale.stock.notes">Notes</string>
    <string key="locale.stock.errors.dateRecordedRequired">Please enter a recorded date</string>
    <string key="locale.stock.errors.unitOfMeasureRequired">Please select a unit of measure</string>
    <string key="locale.stock.errors.adjustmentReasonRequired">Please select an adjustment reason</string>
    <string key="locale.stock.errors.quantityRequired">Please enter a quantity</string>
    <string key="locale.stock.transferFromFacility">From Facility</string>
    <string key="locale.stock.transferToFacility">To Facility</string>
    <string key="locale.stock.errors.transferFromFacilityRequired">Please select a facility to transfer from</string>
    <string key="locale.stock.errors.transferToFacilityRequired">Please select a facility to transfer to</string>
    <string key="locale.stock.errors.orderNumberRequired">Please enter an order number</string>
    <string key="locale.stock.errors.gtinRequired">Gtin Is Required</string>
    <string key="locale.stock.editGtin">Edit Gtin</string>
    <string key="locale.stock.transferStock">Transfer Stock</string>
    <string key="locale.stock.currentLevel">Current Quantity</string>
    <string key="locale.stock.orderNo">Order No.</string>
    <string key="locale.stock.orderDate">Order Date</string>
    <string key="locale.stock.destinationHealthFacility">Destination</string>
    <string key="locale.stock.orderStatus">Order Status</string>
    <string key="locale.stock.orderDetails">Order Details</string>
    <string key="locale.stock.order">Order</string>
    <string key="locale.stock.orderNumber">Order No</string>
    <string key="locale.stock.released">Released</string>
    <string key="locale.stock.cancelled">Cancelled</string>
    <string key="locale.stock.packed">Packed</string>
    <string key="locale.stock.shipped">Shipped</string>
    <string key="locale.stock.requested">Requested</string>
    <string key="locale.stock.stockStatusDoses">Stock Status (Doses)</string>
    <string key="locale.stock.expiryDate">Expiry Date</string>
    <string key="locale.stock.searchStock">Search Stock</string>
    <string key="locale.stock.searchGTIN">Search GTIN</string>
    <string key="locale.stock.vaccines">Vaccines</string>
    <string key="locale.stock.updateSuccessful">Update successful</string>
    <string key="locale.stock.updateUnsuccessful">Update Unsuccessful</string>
    <string key="locale.stock.lowstock.title">Low Stock</string>
    
    <!-- Encounters -->
    <string key="locale.encounters.weightSummary.title">Weight Summary</string>

    <!-- Login -->
    <string key="locale.login.header">Log-in to</string>
    <string key="locale.login.username">Username:</string>
    <string key="locale.login.password">Password:</string>
    <string key="locale.login.doLogin">Login</string>

    <string key="locale.about.tabs.versions">Version Information</string>
    <string key="locale.about.tabs.log">Log Files</string>
    <string key="locale.about.tabs.runtime">Environment</string>
    <string key="locale.about.versions.applets.title">Loaded Applets</string>
    <string key="locale.about.versions.applet">Name</string>
    <string key="locale.about.versions.author">Author</string>
    <string key="locale.about.versions.id">Package ID</string>
    <string key="locale.about.versions.assemblies.title">Loaded DLLs</string>
    <string key="locale.about.versions.assembly">Assembly</string>
    <string key="locale.about.versions.version">Version</string>
    <string key="locale.about.versions.info">Description</string>
    <string key="locale.about.machineInfo">Runtime Environment</string>
    <string key="locale.about.fileInfo">Datafile Information</string>
    <string key="locale.about.syncInfo">Synchronizaton Information</string>
    <string key="locale.about.environment.os">Operating System Version</string>
    <string key="locale.about.environment.cpu">CPU Processor Count</string>
    <string key="locale.about.environment.runtimeVersion">.NET Runtime Version</string>
    <string key="locale.about.environment.mem">Used Memory</string>
    <string key="locale.about.files.name">Data File</string>
    <string key="locale.about.files.size">Total Size</string>
    <string key="locale.about.files.date">Last Write Date</string>
    <string key="locale.about.sync.resource">Data Resource</string>
    <string key="locale.about.sync.date">Last Sync Date</string>
    <string key="locale.about.sync.etag">Last Version</string>
    <string key="locale.about.sync.filter">Filter</string>
    <!-- Generic confirmations-->
    <string key="locale.confirm.cascade">There are other places this value is used. Would you like to also update those values?</string>
  </strings>
  <strings lang="fr">
    <string key="locale.error.404.title">Non trouvee</string>
    <string key="locale.error.404.description">Le ressource demandee n'a pas pu etra trouve. </string>
    <string key="locale.error.500.title">Erreru du Serveur</string>
    <string key="locale.error.500.description">Il y avait une erreru rendu cette page. S'il vous plait verifier les fishiers journaux.</string>
    <string key="locale.error.403.title">Interdit</string>
    <string key="locale.error.403.description">Vous ne possedez pas de privileges suffisants pour voir la page.</string>
  </strings>
  <strings lang="sw">
    <string key="locale.error.404.title">Haipatikani</string>
    <string key="locale.error.404.description">Rasilimali aliomba hakuweza kupatikana.</string>
    <string key="locale.error.500.title">Kosa server</string>
    <string key="locale.error.500.description">Kulikuwa na hitilafu utoaji ukurasa ombi. Tafadhali wasiliana na magogo maombi ya simu.</string>
    <string key="locale.error.403.title">Haramu</string>
    <string key="locale.error.403.description">Hawana marupurupu ya kutosha na kuona</string>
  </strings>
  </AppletManifest>